Crawled URL,Status Code,Redirects,Comments
https://ru.investing.com/equities/fe-horizon-options,200,1,
https://ru.investing.com/equities/tianjinport-de-options,200,1,
https://ru.investing.com/equities/cqrc-bank-options,200,1,
https://ru.investing.com/equities/kingsoft-options,200,1,
https://ru.investing.com/equities/csr-times-elec-options,200,1,
https://ru.investing.com/equities/cimc-enric-options,200,1,
https://ru.investing.com/equities/china-bluechem-options,200,1,
https://ru.investing.com/equities/cmoc-options,200,1,
https://ru.investing.com/equities/ekinops-sa-options,200,1,
https://ru.investing.com/equities/1000mercis-sa-options,200,1,
https://ru.investing.com/equities/renesas-electronics-corp-options,200,1,
https://ru.investing.com/equities/vanke-property-overseas-ltd-options,200,1,
https://ru.investing.com/equities/slvr-egl-ac-technical,404,0,
https://ru.investing.com/equities/slvr-egl-ac-company-profile,200,1,
https://ru.investing.com/equities/slvr-egl-ac-options,200,1,
https://ru.investing.com/equities/semler-scientifc-options,200,1,
https://ru.investing.com/equities/hennessy-capital-options,200,1,
https://ru.investing.com/equities/coastway-ba-options,200,1,
https://ru.investing.com/equities/biopath-hol-options,200,1,
https://ru.investing.com/equities/biolife-sol-options,200,1,
https://ru.investing.com/equities/rxi-pharmac-options,200,1,
https://ru.investing.com/equities/akers-biosc-options,200,1,
https://ru.investing.com/equities/celsus-theraptcs-options,200,1,
https://ru.investing.com/equities/smtp-inc-options,200,1,
https://ru.investing.com/equities/nephrogenex-options,200,1,
https://ru.investing.com/equities/amedica-cor-options,200,1,
https://ru.investing.com/equities/corium-inte-options,200,1,
https://ru.investing.com/equities/tarena-intl-adr-options,200,1,
https://ru.investing.com/equities/1347-property-in-options,200,1,
https://ru.investing.com/equities/dipexium-ph-options,200,1,
https://ru.investing.com/equities/galmed-phar-options,200,1,
https://ru.investing.com/equities/cambridge-capita-options,200,1,
https://ru.investing.com/equities/roi-acquisition-technical,404,0,
https://ru.investing.com/equities/roi-acquisition-company-profile,200,1,
https://ru.investing.com/equities/roi-acquisition-options,200,1,
https://ru.investing.com/equities/quartet-merger-c-options,200,1,
https://ru.investing.com/equities/lumenis-ltd-technical,404,0,
https://ru.investing.com/equities/lumenis-ltd-options,200,1,
https://ru.investing.com/equities/quinpario-a-options,200,1,
https://ru.investing.com/equities/american-realty-technical,404,0,
https://ru.investing.com/equities/american-realty-options,200,1,
https://ru.investing.com/equities/celladon-corp-options,200,1,
https://ru.investing.com/equities/sizmek-inc-options,200,1,
https://ru.investing.com/equities/amark-preci-options,200,1,
https://ru.investing.com/equities/mrv-communicatio-options,200,1,
https://ru.investing.com/equities/talmer-bancorp-options,200,1,
https://ru.investing.com/equities/american-capital-company-profile,200,1,
https://ru.investing.com/equities/borderfree-inc-technical,404,0,
https://ru.investing.com/equities/borderfree-inc-options,200,1,
https://ru.investing.com/equities/cm-finance-inc-company-profile,200,1,
https://ru.investing.com/equities/square-1-financ-technical,404,0,
https://ru.investing.com/equities/square-1-financ-options,200,1,
https://ru.investing.com/equities/first-citzn-options,200,1,
https://ru.investing.com/equities/auspex-pharma-technical,404,0,
https://ru.investing.com/equities/auspex-pharma-options,200,1,
https://ru.investing.com/equities/bravofly-sa-options,200,1,
https://ru.investing.com/equities/edreams-odigeo-sa-options,200,1,
https://ru.investing.com/equities/lar-espana-real-estate-socimi-sa-options,200,1,
https://ru.investing.com/equities/hispania-activos-inmobiliarios-sau-options,200,1,
https://ru.investing.com/equities/just-dial-ltd-options,200,1,
https://ru.investing.com/equities/bomburmah-options,200,1,
https://ru.investing.com/equities/flexi-tuff-options,200,1,
https://ru.investing.com/equities/gabriel-options,200,1,
https://ru.investing.com/equities/gati-options,200,1,
https://ru.investing.com/equities/supreme-inf-options,200,1,
https://ru.investing.com/equities/td-power-options,200,1,
https://ru.investing.com/equities/tribh-zaver-options,200,1,
https://ru.investing.com/equities/trident-options,200,1,
https://ru.investing.com/equities/heritage-fo-options,200,1,
https://ru.investing.com/equities/indiabulls-options,200,1,
https://ru.investing.com/equities/indian-met-options,200,1,
https://ru.investing.com/equities/rasoya-prot-options,200,1,
https://ru.investing.com/equities/infinite-co-options,200,1,
https://ru.investing.com/equities/p-i-industr-options,200,1,
https://ru.investing.com/equities/ptc-india-financial-services-options,200,1,
https://ru.investing.com/equities/pvrl-options,200,1,
https://ru.investing.com/equities/raj-tele-options,200,1,
https://ru.investing.com/equities/j-k-infrapr-options,200,1,
https://ru.investing.com/equities/kewal-kiran-options,200,1,
https://ru.investing.com/equities/kolte-patil-options,200,1,
https://ru.investing.com/equities/maha-scoote-options,200,1,
https://ru.investing.com/equities/mahin-ugine-technical,404,0,
https://ru.investing.com/equities/mahin-ugine-options,200,1,
https://ru.investing.com/equities/man-indus-options,200,1,
https://ru.investing.com/equities/man-infrast-options,200,1,
https://ru.investing.com/equities/mang-chem-options,200,1,
https://ru.investing.com/equities/mt-educare-options,200,1,
https://ru.investing.com/equities/national-bu-options,200,1,
https://ru.investing.com/equities/vaibhav-glo-options,200,1,
https://ru.investing.com/equities/welspun-ind-options,200,1,
https://ru.investing.com/equities/zhongyuan-unio-options,200,1,
https://ru.investing.com/equities/xiamen-elec-options,200,1,
https://ru.investing.com/equities/pudong-dev-options,200,1,
https://ru.investing.com/equities/baiyun-airport-options,200,1,
https://ru.investing.com/equities/wuhan-steel-options,200,1,
https://ru.investing.com/equities/dongfeng-auto-options,200,1,
https://ru.investing.com/equities/cn-world-trad-options,200,1,
https://ru.investing.com/equities/bj-capital-options,200,1,
https://ru.investing.com/equities/sh-airport-options,200,1,
https://ru.investing.com/equities/baotou-steel-options,200,1,
https://ru.investing.com/equities/huaneng-power-options,200,1,
https://ru.investing.com/equities/anhui-express-options,200,1,
https://ru.investing.com/equities/hua-xia-bank-options,200,1,
https://ru.investing.com/equities/minsheng-bank-options,200,1,
https://ru.investing.com/equities/rizhao-port-options,200,1,
https://ru.investing.com/equities/sh-intl-port-options,200,1,
https://ru.investing.com/equities/baoshan-steel-options,200,1,
https://ru.investing.com/equities/zhongyuan-exp-options,200,1,
https://ru.investing.com/equities/shanghai-elec-options,200,1,
https://ru.investing.com/equities/shandong-iron-options,200,1,
https://ru.investing.com/equities/zheneng-elec-p-options,200,1,
https://ru.investing.com/equities/china-ship-options,200,1,
https://ru.investing.com/equities/huadian-power-options,200,1,
https://ru.investing.com/equities/southern-air-options,200,1,
https://ru.investing.com/equities/citic-options,200,1,
https://ru.investing.com/equities/sany-options,200,1,
https://ru.investing.com/equities/fujian-express-options,200,1,
https://ru.investing.com/equities/chutian-exp-options,200,1,
https://ru.investing.com/equities/merchants-bank-options,200,1,
https://ru.investing.com/equities/gehua-catv-options,200,1,
https://ru.investing.com/equities/hafei-aviation-options,200,1,
https://ru.investing.com/equities/sichuan-road-options,200,1,
https://ru.investing.com/equities/citychamp-options,200,1,
https://ru.investing.com/equities/zhejiang-furun-options,200,1,
https://ru.investing.com/equities/maling-options,200,1,
https://ru.investing.com/equities/hisense-elect-options,200,1,
https://ru.investing.com/equities/sinotex-invest-options,200,1,
https://ru.investing.com/equities/wanwei-hi-tech-options,200,1,
https://ru.investing.com/equities/yinge-options,200,1,
https://ru.investing.com/equities/cssc-steel-options,200,1,
https://ru.investing.com/equities/xianmen-xiangy-options,200,1,
https://ru.investing.com/equities/guyuelongshan-options,200,1,
https://ru.investing.com/equities/nanjing-gaoke-options,200,1,
https://ru.investing.com/equities/gezhouba-options,200,1,
https://ru.investing.com/equities/poly-real-esta-options,200,1,
https://ru.investing.com/equities/ningbo-united-options,200,1,
https://ru.investing.com/equities/zheguangsha-options,200,1,
https://ru.investing.com/equities/zj-real-estate-options,200,1,
https://ru.investing.com/equities/huangshan-tour-options,200,1,
https://ru.investing.com/equities/china-meheco-options,200,1,
https://ru.investing.com/equities/minmetals-dev-options,200,1,
https://ru.investing.com/equities/beida-jade-bir-options,200,1,
https://ru.investing.com/equities/sundy-land-inv-options,200,1,
https://ru.investing.com/equities/chengxing-chem-options,200,1,
https://ru.investing.com/equities/humanwell-options,200,1,
https://ru.investing.com/equities/ginwa-options,200,1,
https://ru.investing.com/equities/dongfeng-tech-options,200,1,
https://ru.investing.com/equities/hi-tech-devlp-options,200,1,
https://ru.investing.com/equities/guangdong-boxi-options,200,1,
https://ru.investing.com/equities/citic-guoan-vi-options,200,1,
https://ru.investing.com/equities/tongrentang-options,200,1,
https://ru.investing.com/equities/gold-jade-options,200,1,
https://ru.investing.com/equities/nanjing-tanker-technical,404,0,
https://ru.investing.com/equities/nanjing-tanker-options,200,1,
https://ru.investing.com/equities/ctv-media-options,200,1,
https://ru.investing.com/equities/hejia-company-options,200,1,
https://ru.investing.com/equities/xin-jiang-hops-options,200,1,
https://ru.investing.com/equities/greattown-options,200,1,
https://ru.investing.com/equities/teba-options,200,1,
https://ru.investing.com/equities/tomorrow-tech-options,200,1,
https://ru.investing.com/equities/harbin-hi-tech-options,200,1,
https://ru.investing.com/equities/kaichuang-mari-options,200,1,
https://ru.investing.com/equities/yuntianhua-options,200,1,
https://ru.investing.com/equities/guangzhou-dev-options,200,1,
https://ru.investing.com/equities/linhai-options,200,1,
https://ru.investing.com/equities/saic-motor-options,200,1,
https://ru.investing.com/equities/nbtm-new-mat-options,200,1,
https://ru.investing.com/equities/three-gorges-options,200,1,
https://ru.investing.com/equities/mingxing-elect-options,200,1,
https://ru.investing.com/equities/jiang-su-etern-options,200,1,
https://ru.investing.com/equities/chongqing-road-options,200,1,
https://ru.investing.com/equities/mailyard-options,200,1,
https://ru.investing.com/equities/zj-dongri-options,200,1,
https://ru.investing.com/equities/xining-steel-options,200,1,
https://ru.investing.com/equities/qingshan-paper-options,200,1,
https://ru.investing.com/equities/sinolink-sec-options,200,1,
https://ru.investing.com/equities/changzheng-options,200,1,
https://ru.investing.com/equities/china-east-air-ss-options,200,1,
https://ru.investing.com/equities/tongfang-options,200,1,
https://ru.investing.com/equities/yasheng-indust-options,200,1,
https://ru.investing.com/equities/china-kinwa-options,200,1,
https://ru.investing.com/equities/rare-earth-options,200,1,
https://ru.investing.com/equities/china-spacesat-options,200,1,
https://ru.investing.com/equities/yangtze-river-options,200,1,
https://ru.investing.com/equities/zj-orient-options,200,1,
https://ru.investing.com/equities/zhengzhou-pwr-options,200,1,
https://ru.investing.com/equities/hongtu-hi-tech-options,200,1,
https://ru.investing.com/equities/lanhua-sci-tec-options,200,1,
https://ru.investing.com/equities/tielong-log-options,200,1,
https://ru.investing.com/equities/hang-zhou-iron-options,200,1,
https://ru.investing.com/equities/jinjian-cereal-options,200,1,
https://ru.investing.com/equities/jiangsu-holly-options,200,1,
https://ru.investing.com/equities/ningbo-bird-options,200,1,
https://ru.investing.com/equities/taiji-options,200,1,
https://ru.investing.com/equities/sc-minjiang-options,200,1,
https://ru.investing.com/equities/chongqing-brew-options,200,1,
https://ru.investing.com/equities/eastlake-tech-options,200,1,
https://ru.investing.com/equities/lucky-film-options,200,1,
https://ru.investing.com/equities/sc-langsha-options,200,1,
https://ru.investing.com/equities/cyts-tours-options,200,1,
https://ru.investing.com/equities/western-resour-options,200,1,
https://ru.investing.com/equities/xingfa-chem-options,200,1,
https://ru.investing.com/equities/kingfa-options,200,1,
https://ru.investing.com/equities/guochuang-ener-technical,404,0,
https://ru.investing.com/equities/guochuang-ener-options,200,1,
https://ru.investing.com/equities/yidong-options,200,1,
https://ru.investing.com/equities/c-t-tech-dev-options,200,1,
https://ru.investing.com/equities/baoshuo-options,200,1,
https://ru.investing.com/equities/huasheng-options,200,1,
https://ru.investing.com/equities/china-sports-options,200,1,
https://ru.investing.com/equities/dalong-weiye-options,200,1,
https://ru.investing.com/equities/tiantan-bio-options,200,1,
https://ru.investing.com/equities/heungkong-hold-options,200,1,
https://ru.investing.com/equities/fujian-nanzhi-options,200,1,
https://ru.investing.com/equities/xinri-hengli-technical,404,0,
https://ru.investing.com/equities/xinri-hengli-options,200,1,
https://ru.investing.com/equities/foton-motor-options,200,1,
https://ru.investing.com/equities/luenmei-group-options,200,1,
https://ru.investing.com/equities/wuhan-sanzhen-options,200,1,
https://ru.investing.com/equities/taiyuan-heavy-options,200,1,
https://ru.investing.com/equities/shanghai-const-options,200,1,
https://ru.investing.com/equities/sh-belling-options,200,1,
https://ru.investing.com/equities/whirlwind-options,200,1,
https://ru.investing.com/equities/wolong-real-es-options,200,1,
https://ru.investing.com/equities/meidu-options,200,1,
https://ru.investing.com/equities/fiber-glass-options,200,1,
https://ru.investing.com/equities/youngor-group-options,200,1,
https://ru.investing.com/equities/dongan-auto-options,200,1,
https://ru.investing.com/equities/heihua-options,200,1,
https://ru.investing.com/equities/ccs-supply-cha-options,200,1,
https://ru.investing.com/equities/s-giti-tire-options,200,1,
https://ru.investing.com/equities/cssc-holdings-options,200,1,
https://ru.investing.com/equities/aerospace-auto-options,200,1,
https://ru.investing.com/equities/veken-elite-options,200,1,
https://ru.investing.com/equities/ju-hua-options,200,1,
https://ru.investing.com/equities/shengyi-tech-options,200,1,
https://ru.investing.com/equities/electro-optic-options,200,1,
https://ru.investing.com/equities/gree-real-esta-options,200,1,
https://ru.investing.com/equities/lotus-gourmet-options,200,1,
https://ru.investing.com/equities/interchina-wat-options,200,1,
https://ru.investing.com/equities/yanzhou-coal-options,200,1,
https://ru.investing.com/equities/jilin-forest-options,200,1,
https://ru.investing.com/equities/jinzhou-port-options,200,1,
https://ru.investing.com/equities/huazi-industry-options,200,1,
https://ru.investing.com/equities/greatwall-ele-options,200,1,
https://ru.investing.com/equities/prosolar-resou-options,200,1,
https://ru.investing.com/equities/china-animal-options,200,1,
https://ru.investing.com/equities/fosun-pharm-options,200,1,
https://ru.investing.com/equities/yilite-options,200,1,
https://ru.investing.com/equities/datang-telecom-options,200,1,
https://ru.investing.com/equities/gold-seed-wine-options,200,1,
https://ru.investing.com/equities/wuzhong-options,200,1,
https://ru.investing.com/equities/jinyu-group-options,200,1,
https://ru.investing.com/equities/harbin-air-con-options,200,1,
https://ru.investing.com/equities/grinm-material-options,200,1,
https://ru.investing.com/equities/ancai-hi-tech-options,200,1,
https://ru.investing.com/equities/xinhu-zhongbao-options,200,1,
https://ru.investing.com/equities/lawton-develop-options,200,1,
https://ru.investing.com/equities/zijiang-options,200,1,
https://ru.investing.com/equities/tibet-pharma-options,200,1,
https://ru.investing.com/equities/jiangquan-ind-options,200,1,
https://ru.investing.com/equities/yaxing-coach-options,200,1,
https://ru.investing.com/equities/jingkai-options,200,1,
https://ru.investing.com/equities/zhejiang-med-options,200,1,
https://ru.investing.com/equities/ns-aluminium-options,200,1,
https://ru.investing.com/equities/js-sunshine-options,200,1,
https://ru.investing.com/equities/hainan-airline-options,200,1,
https://ru.investing.com/equities/quanchai-eng-options,200,1,
https://ru.investing.com/equities/taloph-pharm-options,200,1,
https://ru.investing.com/equities/lushang-proper-options,200,1,
https://ru.investing.com/equities/tj-songjiang-options,200,1,
https://ru.investing.com/equities/shenghua-biok-options,200,1,
https://ru.investing.com/equities/chitianhua-options,200,1,
https://ru.investing.com/equities/yanchang-petro-ss-options,200,1,
https://ru.investing.com/equities/liangmianzhen-options,200,1,
https://ru.investing.com/equities/nanjing-textil-options,200,1,
https://ru.investing.com/equities/guiguan-elec-options,200,1,
https://ru.investing.com/equities/yn-real-estate-options,200,1,
https://ru.investing.com/equities/huaye-options,200,1,
https://ru.investing.com/equities/lingyuan-steel-options,200,1,
https://ru.investing.com/equities/golden-eagle-ss-options,200,1,
https://ru.investing.com/equities/dayang-options,200,1,
https://ru.investing.com/equities/guanghe-options,200,1,
https://ru.investing.com/equities/minfeng-paper-options,200,1,
https://ru.investing.com/equities/hainan-yedao-options,200,1,
https://ru.investing.com/equities/zhongchangmari-options,200,1,
https://ru.investing.com/equities/huading-options,200,1,
https://ru.investing.com/equities/vantone-estate-options,200,1,
https://ru.investing.com/equities/cheng-cheng-options,200,1,
https://ru.investing.com/equities/zhongheng-options,200,1,
https://ru.investing.com/equities/qingdao-soda-options,200,1,
https://ru.investing.com/equities/cangzhou-dahua-options,200,1,
https://ru.investing.com/equities/tongfeng-options,200,1,
https://ru.investing.com/equities/shidai-wanheng-options,200,1,
https://ru.investing.com/equities/xinke-material-options,200,1,
https://ru.investing.com/equities/dahu-aquacultu-options,200,1,
https://ru.investing.com/equities/capital-tour-options,200,1,
https://ru.investing.com/equities/rising-nonferr-options,200,1,
https://ru.investing.com/equities/kaile-options,200,1,
https://ru.investing.com/equities/yankon-group-options,200,1,
https://ru.investing.com/equities/north-joint-options,200,1,
https://ru.investing.com/equities/beijing-urban-options,200,1,
https://ru.investing.com/equities/hisun-pharm-options,200,1,
https://ru.investing.com/equities/guodian-nj-options,200,1,
https://ru.investing.com/equities/ganyue-express-options,200,1,
https://ru.investing.com/equities/sinotrans-dev-options,200,1,
https://ru.investing.com/equities/aisino-options,200,1,
https://ru.investing.com/equities/kaikai-indust-options,200,1,
https://ru.investing.com/equities/huafang-options,200,1,
https://ru.investing.com/equities/wuchangyu-options,200,1,
https://ru.investing.com/equities/hengrui-medi-options,200,1,
https://ru.investing.com/equities/yili-energy-technical,404,0,
https://ru.investing.com/equities/yili-energy-options,200,1,
https://ru.investing.com/equities/orient-int-options,200,1,
https://ru.investing.com/equities/gangjiu-options,200,1,
https://ru.investing.com/equities/central-empor-options,200,1,
https://ru.investing.com/equities/taiyuan-chemic-options,200,1,
https://ru.investing.com/equities/nanjing-steel-options,200,1,
https://ru.investing.com/equities/qian-water-options,200,1,
https://ru.investing.com/equities/pudong-cons-options,200,1,
https://ru.investing.com/equities/henan-lingrui-options,200,1,
https://ru.investing.com/equities/jiangsu-sainty-options,200,1,
https://ru.investing.com/equities/daheng-tech-options,200,1,
https://ru.investing.com/equities/bright-oceans-options,200,1,
https://ru.investing.com/equities/huayi-elec-options,200,1,
https://ru.investing.com/equities/strong-year-options,200,1,
https://ru.investing.com/equities/jiulong-elec-options,200,1,
https://ru.investing.com/equities/sanxia-materia-options,200,1,
https://ru.investing.com/equities/eerduosi-options,200,1,
https://ru.investing.com/equities/merro-pharm-options,200,1,
https://ru.investing.com/equities/angel-yeast-options,200,1,
https://ru.investing.com/equities/star-material-options,200,1,
https://ru.investing.com/equities/v-v-food---bev-options,200,1,
https://ru.investing.com/equities/nanning-chem-options,200,1,
https://ru.investing.com/equities/typical-ind-options,200,1,
https://ru.investing.com/equities/ln-sg-automoti-options,200,1,
https://ru.investing.com/equities/shanghai-jahwa-options,200,1,
https://ru.investing.com/equities/hengshun-vineg-options,200,1,
https://ru.investing.com/equities/hongxing-steel-options,200,1,
https://ru.investing.com/equities/huatai-paper-options,200,1,
https://ru.investing.com/equities/yantai-wanhua-options,200,1,
https://ru.investing.com/equities/gui-dong-elect-options,200,1,
https://ru.investing.com/equities/ronghua-ind-options,200,1,
https://ru.investing.com/equities/pinggao-elec-options,200,1,
https://ru.investing.com/equities/zhongken-agri-options,200,1,
https://ru.investing.com/equities/hongdu-avia-options,200,1,
https://ru.investing.com/equities/yingkou-port-options,200,1,
https://ru.investing.com/equities/chaodong-cem-options,200,1,
https://ru.investing.com/equities/yaxing-chem-options,200,1,
https://ru.investing.com/equities/zhenhua-heavy-options,200,1,
https://ru.investing.com/equities/guodong-constr-options,200,1,
https://ru.investing.com/equities/tianjin-dev-ss-options,200,1,
https://ru.investing.com/equities/nanhai-develop-options,200,1,
https://ru.investing.com/equities/huafa-ind-options,200,1,
https://ru.investing.com/equities/tibet-tianlu-options,200,1,
https://ru.investing.com/equities/grand-orient-options,200,1,
https://ru.investing.com/equities/lantai-ind-options,200,1,
https://ru.investing.com/equities/zhongxin-pharm-options,200,1,
https://ru.investing.com/equities/tdg-holding-options,200,1,
https://ru.investing.com/equities/hongda-options,200,1,
https://ru.investing.com/equities/baiyunshan-options,200,1,
https://ru.investing.com/equities/changchun-gas-options,200,1,
https://ru.investing.com/equities/sinomach-auto-options,200,1,
https://ru.investing.com/equities/aucma-options,200,1,
https://ru.investing.com/equities/markor-furn-options,200,1,
https://ru.investing.com/equities/tibet-summit-options,200,1,
https://ru.investing.com/equities/tianli-tech-options,200,1,
https://ru.investing.com/equities/cn-fortune-lan-options,200,1,
https://ru.investing.com/equities/aerospace-pwr-options,200,1,
https://ru.investing.com/equities/yangtze-comm-options,200,1,
https://ru.investing.com/equities/yangquan-coal-options,200,1,
https://ru.investing.com/equities/sd-expressway-options,200,1,
https://ru.investing.com/equities/yabao-pharm-options,200,1,
https://ru.investing.com/equities/longsheng-options,200,1,
https://ru.investing.com/equities/xuguang-options,200,1,
https://ru.investing.com/equities/dunhuang-seed-options,200,1,
https://ru.investing.com/equities/routon-elect-options,200,1,
https://ru.investing.com/equities/hengfeng-options,200,1,
https://ru.investing.com/equities/talimu-agric-options,200,1,
https://ru.investing.com/equities/microelect-options,200,1,
https://ru.investing.com/equities/bj-hualian-options,200,1,
https://ru.investing.com/equities/jiangxi-copper-ss-options,200,1,
https://ru.investing.com/equities/lianchuang-options,200,1,
https://ru.investing.com/equities/tonghua-wine-options,200,1,
https://ru.investing.com/equities/yunsheng-options,200,1,
https://ru.investing.com/equities/redstar-options,200,1,
https://ru.investing.com/equities/wuzhou-comm-options,200,1,
https://ru.investing.com/equities/sw-securities-options,200,1,
https://ru.investing.com/equities/sanfangxiang-options,200,1,
https://ru.investing.com/equities/wanxiang-donee-options,200,1,
https://ru.investing.com/equities/cn-avic-avioni-options,200,1,
https://ru.investing.com/equities/hualing-xingma-technical,404,0,
https://ru.investing.com/equities/hualing-xingma-options,200,1,
https://ru.investing.com/equities/capital-dev-options,200,1,
https://ru.investing.com/equities/jiangsu-exp-options,200,1,
https://ru.investing.com/equities/tianyi-science-options,200,1,
https://ru.investing.com/equities/sx-baoguang-options,200,1,
https://ru.investing.com/equities/joincare-options,200,1,
https://ru.investing.com/equities/gd-mingzhu-options,200,1,
https://ru.investing.com/equities/gemdale-options,200,1,
https://ru.investing.com/equities/bashi-media-options,200,1,
https://ru.investing.com/equities/zj-haiyue-options,200,1,
https://ru.investing.com/equities/fj-longking-options,200,1,
https://ru.investing.com/equities/jiangshan-chem-options,200,1,
https://ru.investing.com/equities/kingray-tech-options,200,1,
https://ru.investing.com/equities/chengfa-tech-options,200,1,
https://ru.investing.com/equities/tiancheng-options,200,1,
https://ru.investing.com/equities/donghua-options,200,1,
https://ru.investing.com/equities/panjiang-coal-options,200,1,
https://ru.investing.com/equities/jinshan-options,200,1,
https://ru.investing.com/equities/anyuan-coal-options,200,1,
https://ru.investing.com/equities/heilan-home-options,200,1,
https://ru.investing.com/equities/fushun-steel-options,200,1,
https://ru.investing.com/equities/hongdou-ind-options,200,1,
https://ru.investing.com/equities/hareon-solar-t-options,200,1,
https://ru.investing.com/equities/dayou-energy-options,200,1,
https://ru.investing.com/equities/dynamic-power-options,200,1,
https://ru.investing.com/equities/nari-tech-options,200,1,
https://ru.investing.com/equities/antai-options,200,1,
https://ru.investing.com/equities/tang-sanyou-options,200,1,
https://ru.investing.com/equities/teamsun-tech-options,200,1,
https://ru.investing.com/equities/commo-city-options,200,1,
https://ru.investing.com/equities/xiangtan-elec-options,200,1,
https://ru.investing.com/equities/tianrun-dairy-options,200,1,
https://ru.investing.com/equities/modern-pharm-options,200,1,
https://ru.investing.com/equities/national-pharm-options,200,1,
https://ru.investing.com/equities/kunming-pharm-options,200,1,
https://ru.investing.com/equities/liuzhou-chem-options,200,1,
https://ru.investing.com/equities/qingsong-options,200,1,
https://ru.investing.com/equities/hualu-hs-chem-options,200,1,
https://ru.investing.com/equities/ecsc-group-plc-related-instruments,200,1,
https://ru.investing.com/equities/sanyuan-foods-options,200,1,
https://ru.investing.com/equities/jien-nickel-options,200,1,
https://ru.investing.com/equities/guanhao-options,200,1,
https://ru.investing.com/equities/north-navigati-options,200,1,
https://ru.investing.com/equities/pientzehuang-options,200,1,
https://ru.investing.com/equities/tongwei-options,200,1,
https://ru.investing.com/equities/baoji-titanium-options,200,1,
https://ru.investing.com/equities/silan-microele-options,200,1,
https://ru.investing.com/equities/ningxia-buildi-options,200,1,
https://ru.investing.com/equities/fuling-options,200,1,
https://ru.investing.com/equities/butone-info-options,200,1,
https://ru.investing.com/equities/times-new-mat-options,200,1,
https://ru.investing.com/equities/sino-platinum-options,200,1,
https://ru.investing.com/equities/hongcheng-ww-options,200,1,
https://ru.investing.com/equities/shixian-paper-technical,404,0,
https://ru.investing.com/equities/shixian-paper-options,200,1,
https://ru.investing.com/equities/airport-park-options,200,1,
https://ru.investing.com/equities/rebecca-options,200,1,
https://ru.investing.com/equities/guotong-options,200,1,
https://ru.investing.com/equities/kingdom-ss-options,200,1,
https://ru.investing.com/equities/huafang-co-options,200,1,
https://ru.investing.com/equities/homey-aquatic-options,200,1,
https://ru.investing.com/equities/benefo-options,200,1,
https://ru.investing.com/equities/corun-new-ener-options,200,1,
https://ru.investing.com/equities/qianjin-options,200,1,
https://ru.investing.com/equities/lingyun-ind-options,200,1,
https://ru.investing.com/equities/shuangliang-options,200,1,
https://ru.investing.com/equities/fengfan-options,200,1,
https://ru.investing.com/equities/nanfang-textle-options,200,1,
https://ru.investing.com/equities/zhongchuang-technical,404,0,
https://ru.investing.com/equities/zhongchuang-options,200,1,
https://ru.investing.com/equities/yangnong-chem-options,200,1,
https://ru.investing.com/equities/dikang-pharm-options,200,1,
https://ru.investing.com/equities/aeolus-options,200,1,
https://ru.investing.com/equities/liuguo-chem-options,200,1,
https://ru.investing.com/equities/huaguang-boil-options,200,1,
https://ru.investing.com/equities/copote-tech-options,200,1,
https://ru.investing.com/equities/hangxiao-steel-options,200,1,
https://ru.investing.com/equities/ht-opticelectr-options,200,1,
https://ru.investing.com/equities/tianyao-options,200,1,
https://ru.investing.com/equities/fynex-textile-options,200,1,
https://ru.investing.com/equities/jinxi-axle-options,200,1,
https://ru.investing.com/equities/jinggong-steel-options,200,1,
https://ru.investing.com/equities/yunnan-chihong-options,200,1,
https://ru.investing.com/equities/fiberhome-tele-options,200,1,
https://ru.investing.com/equities/zhongjin-gold-options,200,1,
https://ru.investing.com/equities/long-yuan-options,200,1,
https://ru.investing.com/equities/keda-indu-options,200,1,
https://ru.investing.com/equities/sinochem-options,200,1,
https://ru.investing.com/equities/aerosun-corp-options,200,1,
https://ru.investing.com/equities/anhui-water-options,200,1,
https://ru.investing.com/equities/sh-energy-options,200,1,
https://ru.investing.com/equities/tianfu-thermo-options,200,1,
https://ru.investing.com/equities/black-peony-options,200,1,
https://ru.investing.com/equities/tengda-constr-options,200,1,
https://ru.investing.com/equities/lianhuan-pharm-options,200,1,
https://ru.investing.com/equities/deluxe-family-options,200,1,
https://ru.investing.com/equities/xichang-power-options,200,1,
https://ru.investing.com/equities/korla-pear-options,200,1,
https://ru.investing.com/equities/fangda-steel-options,200,1,
https://ru.investing.com/equities/cn-national-me-options,200,1,
https://ru.investing.com/equities/hn-island-cons-options,200,1,
https://ru.investing.com/equities/kangmei-pharm-options,200,1,
https://ru.investing.com/equities/moutai-options,200,1,
https://ru.investing.com/equities/fangda-options,200,1,
https://ru.investing.com/equities/zhixin-elect-options,200,1,
https://ru.investing.com/equities/guihang-auto-options,200,1,
https://ru.investing.com/equities/feida-environ-options,200,1,
https://ru.investing.com/equities/jiangnan-fiber-options,200,1,
https://ru.investing.com/equities/jiaoda-onlly-options,200,1,
https://ru.investing.com/equities/chixia-develop-options,200,1,
https://ru.investing.com/equities/china-software-options,200,1,
https://ru.investing.com/equities/huahai-pharma-options,200,1,
https://ru.investing.com/equities/zhongtian-tech-options,200,1,
https://ru.investing.com/equities/changyuan-options,200,1,
https://ru.investing.com/equities/china-railway-options,200,1,
https://ru.investing.com/equities/pharm-glass-options,200,1,
https://ru.investing.com/equities/yuguang-options,200,1,
https://ru.investing.com/equities/hongda-mining-options,200,1,
https://ru.investing.com/equities/tasly-pharmace-options,200,1,
https://ru.investing.com/equities/eging-photovol-options,200,1,
https://ru.investing.com/equities/gofar-options,200,1,
https://ru.investing.com/equities/lionhead-cem-options,200,1,
https://ru.investing.com/equities/sayram-agri-options,200,1,
https://ru.investing.com/equities/gansu-mogao-options,200,1,
https://ru.investing.com/equities/urban-const-options,200,1,
https://ru.investing.com/equities/shanxi-coal-options,200,1,
https://ru.investing.com/equities/shandong-gold-options,200,1,
https://ru.investing.com/equities/sz-expressway-options,200,1,
https://ru.investing.com/equities/xiamen-tungst-options,200,1,
https://ru.investing.com/equities/tianwei-options,200,1,
https://ru.investing.com/equities/time-publishin-technical,404,0,
https://ru.investing.com/equities/time-publishin-options,200,1,
https://ru.investing.com/equities/fangxing-sci-options,200,1,
https://ru.investing.com/equities/kanion-options,200,1,
https://ru.investing.com/equities/atlantic-options,200,1,
https://ru.investing.com/equities/hs-laobaigan-technical,404,0,
https://ru.investing.com/equities/hs-laobaigan-options,200,1,
https://ru.investing.com/equities/bj-aritime-options,200,1,
https://ru.investing.com/equities/changyun-options,200,1,
https://ru.investing.com/equities/gaochun-ceram-options,200,1,
https://ru.investing.com/equities/faratronic-options,200,1,
https://ru.investing.com/equities/dima-industry-options,200,1,
https://ru.investing.com/equities/hongcheng-mach-options,200,1,
https://ru.investing.com/equities/shanying-paper-options,200,1,
https://ru.investing.com/equities/zhongzhu-holdi-options,200,1,
https://ru.investing.com/equities/anyang-iron-options,200,1,
https://ru.investing.com/equities/hundsun-tech-options,200,1,
https://ru.investing.com/equities/sunyard-options,200,1,
https://ru.investing.com/equities/conba-options,200,1,
https://ru.investing.com/equities/huiquan-brew-options,200,1,
https://ru.investing.com/equities/wuhu-port-options,200,1,
https://ru.investing.com/equities/tongling-jingd-options,200,1,
https://ru.investing.com/equities/jingneng-power-options,200,1,
https://ru.investing.com/equities/wolong-options,200,1,
https://ru.investing.com/equities/ba-yi-steel-options,200,1,
https://ru.investing.com/equities/tiandi-tech-options,200,1,
https://ru.investing.com/equities/offshore-oil-options,200,1,
https://ru.investing.com/equities/changjiang-ele-options,200,1,
https://ru.investing.com/equities/anhui-conch-options,200,1,
https://ru.investing.com/equities/jinjing-options,200,1,
https://ru.investing.com/equities/shinva-medical-options,200,1,
https://ru.investing.com/equities/tsingtao-brew-options,200,1,
https://ru.investing.com/equities/yonyou-softwar-options,200,1,
https://ru.investing.com/equities/rongtai-options,200,1,
https://ru.investing.com/equities/tellhow-technical,404,0,
https://ru.investing.com/equities/tellhow-options,200,1,
https://ru.investing.com/equities/dalian-sun-asi-options,200,1,
https://ru.investing.com/equities/yibai-options,200,1,
https://ru.investing.com/equities/zhongfu-options,200,1,
https://ru.investing.com/equities/xinan-chemical-options,200,1,
https://ru.investing.com/equities/bright-dairy-options,200,1,
https://ru.investing.com/equities/hlj-agricultur-options,200,1,
https://ru.investing.com/equities/panda-firework-options,200,1,
https://ru.investing.com/equities/founder-tech-options,200,1,
https://ru.investing.com/equities/inesa-electron-options,200,1,
https://ru.investing.com/equities/xingye-resourc-options,200,1,
https://ru.investing.com/equities/huitong-energy-options,200,1,
https://ru.investing.com/equities/jinfeng-invest-options,200,1,
https://ru.investing.com/equities/shanghai-tech-options,200,1,
https://ru.investing.com/equities/jinbei-automot-technical,404,0,
https://ru.investing.com/equities/jinbei-automot-options,200,1,
https://ru.investing.com/equities/dazhong-trans-options,200,1,
https://ru.investing.com/equities/lao-feng-xiang-options,200,1,
https://ru.investing.com/equities/shenqi-phar-options,200,1,
https://ru.investing.com/equities/sh-dingli-options,200,1,
https://ru.investing.com/equities/sh-fenghwa-options,200,1,
https://ru.investing.com/equities/jinfeng-wine-options,200,1,
https://ru.investing.com/equities/lian-hua-fibre-options,200,1,
https://ru.investing.com/equities/chlor-alkali-options,200,1,
https://ru.investing.com/equities/highly-options,200,1,
https://ru.investing.com/equities/tianchen-co-options,200,1,
https://ru.investing.com/equities/shenda-options,200,1,
https://ru.investing.com/equities/new-world-options,200,1,
https://ru.investing.com/equities/sh-dragon-options,200,1,
https://ru.investing.com/equities/zj-daily-media-options,200,1,
https://ru.investing.com/equities/huangpu-estate-options,200,1,
https://ru.investing.com/equities/jinling-options,200,1,
https://ru.investing.com/equities/sh-jiabao-options,200,1,
https://ru.investing.com/equities/double-coin-a-options,200,1,
https://ru.investing.com/equities/fudan-forward-options,200,1,
https://ru.investing.com/equities/sh-dazhong-options,200,1,
https://ru.investing.com/equities/shanghai-3f-technical,404,0,
https://ru.investing.com/equities/shanghai-3f-options,200,1,
https://ru.investing.com/equities/bestv-new-medi-options,200,1,
https://ru.investing.com/equities/jinqiao-options,200,1,
https://ru.investing.com/equities/besttone-holdi-options,200,1,
https://ru.investing.com/equities/sh-wanye-options,200,1,
https://ru.investing.com/equities/shenergy-options,200,1,
https://ru.investing.com/equities/aj-corp-technical,404,0,
https://ru.investing.com/equities/aj-corp-options,200,1,
https://ru.investing.com/equities/leshan-elec-options,200,1,
https://ru.investing.com/equities/sh-tongda-options,200,1,
https://ru.investing.com/equities/wai-gaoqiao-options,200,1,
https://ru.investing.com/equities/chengtou-holdi-options,200,1,
https://ru.investing.com/equities/jin-jiang-inv-options,200,1,
https://ru.investing.com/equities/shanghai-ace-options,200,1,
https://ru.investing.com/equities/sh-shenhua-options,200,1,
https://ru.investing.com/equities/feilo-technical,404,0,
https://ru.investing.com/equities/feilo-options,200,1,
https://ru.investing.com/equities/yuyuan-tourist-technical,404,0,
https://ru.investing.com/equities/yuyuan-tourist-options,200,1,
https://ru.investing.com/equities/bj-elec-zone-options,200,1,
https://ru.investing.com/equities/xin-nanyang-options,200,1,
https://ru.investing.com/equities/qiangsheng-options,200,1,
https://ru.investing.com/equities/boyuan-investm-technical,404,0,
https://ru.investing.com/equities/boyuan-investm-options,200,1,
https://ru.investing.com/equities/cinda-realesta-technical,404,0,
https://ru.investing.com/equities/cinda-realesta-options,200,1,
https://ru.investing.com/equities/fuyao-glass-options,200,1,
https://ru.investing.com/equities/lujiazui-options,200,1,
https://ru.investing.com/equities/harbin-pharm-options,200,1,
https://ru.investing.com/equities/tande-options,200,1,
https://ru.investing.com/equities/southwest-phar-options,200,1,
https://ru.investing.com/equities/taiji-indust-options,200,1,
https://ru.investing.com/equities/jianfeng-group-options,200,1,
https://ru.investing.com/equities/dongyangguang-technical,404,0,
https://ru.investing.com/equities/dongyangguang-options,200,1,
https://ru.investing.com/equities/chuantou-ener-options,200,1,
https://ru.investing.com/equities/metro-land-options,200,1,
https://ru.investing.com/equities/pearl-river-options,200,1,
https://ru.investing.com/equities/king-long-moto-options,200,1,
https://ru.investing.com/equities/gangtai-holdin-options,200,1,
https://ru.investing.com/equities/sanmao-group-options,200,1,
https://ru.investing.com/equities/china-enter-options,200,1,
https://ru.investing.com/equities/jiao-yun-options,200,1,
https://ru.investing.com/equities/aerospace-comm-options,200,1,
https://ru.investing.com/equities/gold-summit-options,200,1,
https://ru.investing.com/equities/jinshan-devp-options,200,1,
https://ru.investing.com/equities/shanghai-potev-options,200,1,
https://ru.investing.com/equities/s-sh-pechem-options,200,1,
https://ru.investing.com/equities/qingdao-haier-options,200,1,
https://ru.investing.com/equities/dongxin-carbon-options,200,1,
https://ru.investing.com/equities/yatong-options,200,1,
https://ru.investing.com/equities/dashang-options,200,1,
https://ru.investing.com/equities/sh-duolun-options,200,1,
https://ru.investing.com/equities/eurasia-group-options,200,1,
https://ru.investing.com/equities/tyen-machinery-options,200,1,
https://ru.investing.com/equities/joyson-electro-options,200,1,
https://ru.investing.com/equities/gong-da-tech-options,200,1,
https://ru.investing.com/equities/tuopaishede-wi-options,200,1,
https://ru.investing.com/equities/sanan-optoelec-options,200,1,
https://ru.investing.com/equities/zhongda-group-options,200,1,
https://ru.investing.com/equities/s-beiya-ind-options,200,1,
https://ru.investing.com/equities/nanning-dep-options,200,1,
https://ru.investing.com/equities/nanjing-pharma-options,200,1,
https://ru.investing.com/equities/qujiang-cultur-options,200,1,
https://ru.investing.com/equities/irico-display-options,200,1,
https://ru.investing.com/equities/changlin-technical,404,0,
https://ru.investing.com/equities/changlin-options,200,1,
https://ru.investing.com/equities/eagle-mining-options,200,1,
https://ru.investing.com/equities/baihuacun-options,200,1,
https://ru.investing.com/equities/jinniu-chem-options,200,1,
https://ru.investing.com/equities/capital-retail-options,200,1,
https://ru.investing.com/equities/tianjin-port-options,200,1,
https://ru.investing.com/equities/dalian-power-options,200,1,
https://ru.investing.com/equities/ningbo-fuda-options,200,1,
https://ru.investing.com/equities/jinrui-mineral-options,200,1,
https://ru.investing.com/equities/songliao-auto-options,200,1,
https://ru.investing.com/equities/phoenix-proper-options,200,1,
https://ru.investing.com/equities/neusoft-corp-options,200,1,
https://ru.investing.com/equities/qilianshan-options,200,1,
https://ru.investing.com/equities/yunnan-yunwei-technical,404,0,
https://ru.investing.com/equities/yunnan-yunwei-options,200,1,
https://ru.investing.com/equities/huadian-energy-options,200,1,
https://ru.investing.com/equities/lubei-chemical-options,200,1,
https://ru.investing.com/equities/pci-suntek-tec-options,200,1,
https://ru.investing.com/equities/hunan-haili-options,200,1,
https://ru.investing.com/equities/xinmei-technical,404,0,
https://ru.investing.com/equities/xinmei-options,200,1,
https://ru.investing.com/equities/s-qian-feng-el-technical,404,0,
https://ru.investing.com/equities/s-qian-feng-el-options,200,1,
https://ru.investing.com/equities/start-group-technical,404,0,
https://ru.investing.com/equities/start-group-options,200,1,
https://ru.investing.com/equities/sd-hiking-technical,404,0,
https://ru.investing.com/equities/sd-hiking-options,200,1,
https://ru.investing.com/equities/suzhou-hi-tech-options,200,1,
https://ru.investing.com/equities/lanzhou-minbai-options,200,1,
https://ru.investing.com/equities/chongqing-dep-options,200,1,
https://ru.investing.com/equities/cofco-tunhe-options,200,1,
https://ru.investing.com/equities/cheng-da-options,200,1,
https://ru.investing.com/equities/shanxi-coking-options,200,1,
https://ru.investing.com/equities/huayu-automoti-options,200,1,
https://ru.investing.com/equities/faway-auto-options,200,1,
https://ru.investing.com/equities/huayuan-proper-options,200,1,
https://ru.investing.com/equities/huayin-elec-options,200,1,
https://ru.investing.com/equities/join-in-options,200,1,
https://ru.investing.com/equities/jiangsu-sopo-options,200,1,
https://ru.investing.com/equities/dalian-daxian-options,200,1,
https://ru.investing.com/equities/sh-ind-develop-options,200,1,
https://ru.investing.com/equities/tibet-tourism-options,200,1,
https://ru.investing.com/equities/jiangzhong-phm-options,200,1,
https://ru.investing.com/equities/s-tianjin-mari-options,200,1,
https://ru.investing.com/equities/jinjiang-hotel-options,200,1,
https://ru.investing.com/equities/xiamen-itg-options,200,1,
https://ru.investing.com/equities/inspur-soft-options,200,1,
https://ru.investing.com/equities/changjiang-pu--options,200,1,
https://ru.investing.com/equities/hainan-zhenghe-options,200,1,
https://ru.investing.com/equities/zhonghang-heib-options,200,1,
https://ru.investing.com/equities/heli-options,200,1,
https://ru.investing.com/equities/tc-medical-inv-options,200,1,
https://ru.investing.com/equities/cec-corecast-options,200,1,
https://ru.investing.com/equities/avic-heavy-options,200,1,
https://ru.investing.com/equities/yantai-yuanche-options,200,1,
https://ru.investing.com/equities/winsan-indus-options,200,1,
https://ru.investing.com/equities/ningbo-fubang-options,200,1,
https://ru.investing.com/equities/xianglong-pow-options,200,1,
https://ru.investing.com/equities/topsun-tech-options,200,1,
https://ru.investing.com/equities/tibet-urban-in-options,200,1,
https://ru.investing.com/equities/hangshang-options,200,1,
https://ru.investing.com/equities/eastern-comms-options,200,1,
https://ru.investing.com/equities/xinchao-indust-options,200,1,
https://ru.investing.com/equities/zongyi-options,200,1,
https://ru.investing.com/equities/xj-youhao-options,200,1,
https://ru.investing.com/equities/swellfun-options,200,1,
https://ru.investing.com/equities/furen-pharmace-options,200,1,
https://ru.investing.com/equities/gd-power-options,200,1,
https://ru.investing.com/equities/shanxi-fenjiu-options,200,1,
https://ru.investing.com/equities/luxin-venture-options,200,1,
https://ru.investing.com/equities/luyin-invest-options,200,1,
https://ru.investing.com/equities/xinhua-commer-options,200,1,
https://ru.investing.com/equities/zhongchu-options,200,1,
https://ru.investing.com/equities/lukang-pharm-options,200,1,
https://ru.investing.com/equities/textile-city-options,200,1,
https://ru.investing.com/equities/beih-property-options,200,1,
https://ru.investing.com/equities/yunnan-coal-en-options,200,1,
https://ru.investing.com/equities/freetrade-tech-options,200,1,
https://ru.investing.com/equities/qianjiang-options,200,1,
https://ru.investing.com/equities/insigma-options,200,1,
https://ru.investing.com/equities/ningbo-marine-options,200,1,
https://ru.investing.com/equities/tianjin-global-options,200,1,
https://ru.investing.com/equities/huaxin-cement-options,200,1,
https://ru.investing.com/equities/fujian-cement-options,200,1,
https://ru.investing.com/equities/veyong-bioche-options,200,1,
https://ru.investing.com/equities/dr.-peng-options,200,1,
https://ru.investing.com/equities/yueda-invest-options,200,1,
https://ru.investing.com/equities/kunming-machin-options,200,1,
https://ru.investing.com/equities/tyan-home-options,200,1,
https://ru.investing.com/equities/maanshan-iron-ss-options,200,1,
https://ru.investing.com/equities/shenma-indu-options,200,1,
https://ru.investing.com/equities/orient-group-options,200,1,
https://ru.investing.com/equities/n.-china-pharm-options,200,1,
https://ru.investing.com/equities/hz-jiebai-options,200,1,
https://ru.investing.com/equities/xiamen-xgma-options,200,1,
https://ru.investing.com/equities/anxin-trust-options,200,1,
https://ru.investing.com/equities/hongsheng-options,200,1,
https://ru.investing.com/equities/zhonglu-options,200,1,
https://ru.investing.com/equities/sh-tunnel-eng-options,200,1,
https://ru.investing.com/equities/tianjin-quanye-options,200,1,
https://ru.investing.com/equities/sh-trading-options,200,1,
https://ru.investing.com/equities/sh-shi-mao-options,200,1,
https://ru.investing.com/equities/yimin-options,200,1,
https://ru.investing.com/equities/sh-xinhua-medi-options,200,1,
https://ru.investing.com/equities/lansheng-options,200,1,
https://ru.investing.com/equities/friendship-options,200,1,
https://ru.investing.com/equities/chengshang-gro-options,200,1,
https://ru.investing.com/equities/sanjing-pharm-options,200,1,
https://ru.investing.com/equities/sunny-loan-top-options,200,1,
https://ru.investing.com/equities/broadcast---tv-options,200,1,
https://ru.investing.com/equities/pearl-technical,404,0,
https://ru.investing.com/equities/pearl-options,200,1,
https://ru.investing.com/equities/no.-1-pharmacy-options,200,1,
https://ru.investing.com/equities/shentong-metro-technical,404,0,
https://ru.investing.com/equities/shentong-metro-options,200,1,
https://ru.investing.com/equities/sh-mechanical-options,200,1,
https://ru.investing.com/equities/join-buy-options,200,1,
https://ru.investing.com/equities/sh-diesel-eng-options,200,1,
https://ru.investing.com/equities/jielong-options,200,1,
https://ru.investing.com/equities/haitong-sec-ss-options,200,1,
https://ru.investing.com/equities/changhong-elec-options,200,1,
https://ru.investing.com/equities/sgsb-group-options,200,1,
https://ru.investing.com/equities/danhua-chem-options,200,1,
https://ru.investing.com/equities/baosight-options,200,1,
https://ru.investing.com/equities/tongji-tech-options,200,1,
https://ru.investing.com/equities/wanli-options,200,1,
https://ru.investing.com/equities/autom-instru-options,200,1,
https://ru.investing.com/equities/haixin-group-options,200,1,
https://ru.investing.com/equities/longjian-options,200,1,
https://ru.investing.com/equities/js-chunlan-options,200,1,
https://ru.investing.com/equities/aerospace-cf-options,200,1,
https://ru.investing.com/equities/changchun-dep-options,200,1,
https://ru.investing.com/equities/hit-shouchuang-options,200,1,
https://ru.investing.com/equities/silver-plaza-options,200,1,
https://ru.investing.com/equities/wangfujing-options,200,1,
https://ru.investing.com/equities/jingcheng-mach-options,200,1,
https://ru.investing.com/equities/urban---rural-options,200,1,
https://ru.investing.com/equities/mengdian-options,200,1,
https://ru.investing.com/equities/baida-group-options,200,1,
https://ru.investing.com/equities/star-lake-options,200,1,
https://ru.investing.com/equities/dongbao-pharm-options,200,1,
https://ru.investing.com/equities/meiyan-jixiang-options,200,1,
https://ru.investing.com/equities/s-p-pharma-options,200,1,
https://ru.investing.com/equities/s-yizheng-chem-options,200,1,
https://ru.investing.com/equities/dacheng-pestic-options,200,1,
https://ru.investing.com/equities/bowin-tech-options,200,1,
https://ru.investing.com/equities/jonjee-tech-options,200,1,
https://ru.investing.com/equities/meihua-holding-options,200,1,
https://ru.investing.com/equities/tianjin-cap-options,200,1,
https://ru.investing.com/equities/dongfang-elec-ss-options,200,1,
https://ru.investing.com/equities/luoyang-glass-options,200,1,
https://ru.investing.com/equities/ch-jialing-ind-options,200,1,
https://ru.investing.com/equities/aerospace-elec-options,200,1,
https://ru.investing.com/equities/b-ray-media-options,200,1,
https://ru.investing.com/equities/jilin-yatai-options,200,1,
https://ru.investing.com/equities/shanshan-co-options,200,1,
https://ru.investing.com/equities/hongfa-tech-options,200,1,
https://ru.investing.com/equities/huajing-options,200,1,
https://ru.investing.com/equities/yili-company-options,200,1,
https://ru.investing.com/equities/xinjiang-joinw-options,200,1,
https://ru.investing.com/equities/nanjing-fibre-options,200,1,
https://ru.investing.com/equities/s-churin-group-options,200,1,
https://ru.investing.com/equities/baocheng-inves-options,200,1,
https://ru.investing.com/equities/aero-engine-options,200,1,
https://ru.investing.com/equities/guangri-stock-options,200,1,
https://ru.investing.com/equities/zhangjiang-options,200,1,
https://ru.investing.com/equities/china-haisheng-options,200,1,
https://ru.investing.com/equities/xiamen-airport-options,200,1,
https://ru.investing.com/equities/sanlian-comm-options,200,1,
https://ru.investing.com/equities/yangtze-power-options,200,1,
https://ru.investing.com/equities/bohai-piston-options,200,1,
https://ru.investing.com/equities/zhuzhou-smelte-options,200,1,
https://ru.investing.com/equities/sdic-zhonglu-options,200,1,
https://ru.investing.com/equities/yueyang-paper-options,200,1,
https://ru.investing.com/equities/fortune-ng-options,200,1,
https://ru.investing.com/equities/bohui-options,200,1,
https://ru.investing.com/equities/beifang-chuang-options,200,1,
https://ru.investing.com/equities/hunan-chendian-options,200,1,
https://ru.investing.com/equities/sinoma-engine-options,200,1,
https://ru.investing.com/equities/hengyuan-coal-options,200,1,
https://ru.investing.com/equities/baosheng-options,200,1,
https://ru.investing.com/equities/new-wellful-options,200,1,
https://ru.investing.com/equities/wuhan-jianmin-options,200,1,
https://ru.investing.com/equities/yihua-timber-options,200,1,
https://ru.investing.com/equities/mayinglong-options,200,1,
https://ru.investing.com/equities/jointown-pharm-options,200,1,
https://ru.investing.com/equities/tangshan-port-options,200,1,
https://ru.investing.com/equities/guangan-options,200,1,
https://ru.investing.com/equities/bgrimm-magnet-options,200,1,
https://ru.investing.com/equities/high-hope-options,200,1,
https://ru.investing.com/equities/ningbo-thermal-options,200,1,
https://ru.investing.com/equities/hefei-sanyo-options,200,1,
https://ru.investing.com/equities/shaanxi-constr-options,200,1,
https://ru.investing.com/equities/leimingkehua-options,200,1,
https://ru.investing.com/equities/keda-group-options,200,1,
https://ru.investing.com/equities/hangmin-options,200,1,
https://ru.investing.com/equities/jilong-gold-options,200,1,
https://ru.investing.com/equities/suncreate-elec-options,200,1,
https://ru.investing.com/equities/guizhou-rope-options,200,1,
https://ru.investing.com/equities/wenshan-elec-options,200,1,
https://ru.investing.com/equities/kailuan-options,200,1,
https://ru.investing.com/equities/china-merchant-options,200,1,
https://ru.investing.com/equities/datong-coal-options,200,1,
https://ru.investing.com/equities/gem-year-ind-options,200,1,
https://ru.investing.com/equities/liuzhou-steel-options,200,1,
https://ru.investing.com/equities/chongqing-stee-technical,404,0,
https://ru.investing.com/equities/chongqing-stee-options,200,1,
https://ru.investing.com/equities/daqin-railway-options,200,1,
https://ru.investing.com/equities/jinling-hotel-options,200,1,
https://ru.investing.com/equities/lianyungang-po-options,200,1,
https://ru.investing.com/equities/bank-of-nanjin-options,200,1,
https://ru.investing.com/equities/wenfeng-chain-options,200,1,
https://ru.investing.com/equities/baotailong-coa-options,200,1,
https://ru.investing.com/equities/longi-silicon-options,200,1,
https://ru.investing.com/equities/ningbo-port-options,200,1,
https://ru.investing.com/equities/yulong-steelpi-options,200,1,
https://ru.investing.com/equities/first-tractor-options,200,1,
https://ru.investing.com/equities/sailun-options,200,1,
https://ru.investing.com/equities/sanjiang-shopp-options,200,1,
https://ru.investing.com/equities/powerway-alloy-options,200,1,
https://ru.investing.com/equities/chongqing-wate-options,200,1,
https://ru.investing.com/equities/china-shenhua-ss-options,200,1,
https://ru.investing.com/equities/china-south-options,200,1,
https://ru.investing.com/equities/pacific-sec-options,200,1,
https://ru.investing.com/equities/hengli-cylinde-options,200,1,
https://ru.investing.com/equities/haohua-energy-options,200,1,
https://ru.investing.com/equities/cn-first-heavy-options,200,1,
https://ru.investing.com/equities/sichuan-expres-options,200,1,
https://ru.investing.com/equities/air-china-ss-options,200,1,
https://ru.investing.com/equities/huading-nylon-options,200,1,
https://ru.investing.com/equities/cn-chemical-options,200,1,
https://ru.investing.com/equities/hainan-rubber-options,200,1,
https://ru.investing.com/equities/sifang-auto-options,200,1,
https://ru.investing.com/equities/shenzhen-gas-options,200,1,
https://ru.investing.com/equities/hangzhou-gearb-options,200,1,
https://ru.investing.com/equities/htdc-options,200,1,
https://ru.investing.com/equities/jiangnan-water-options,200,1,
https://ru.investing.com/equities/jixin-energy-t-options,200,1,
https://ru.investing.com/equities/linyang-electr-options,200,1,
https://ru.investing.com/equities/shaanxi-coal-options,200,1,
https://ru.investing.com/equities/universal-scie-options,200,1,
https://ru.investing.com/equities/ind-bank-options,200,1,
https://ru.investing.com/equities/beijing-bank-options,200,1,
https://ru.investing.com/equities/cn-xd-electric-options,200,1,
https://ru.investing.com/equities/cn-railway-con-options,200,1,
https://ru.investing.com/equities/em-technology-options,200,1,
https://ru.investing.com/equities/junzheng-ene-c-options,200,1,
https://ru.investing.com/equities/tongkun-group-options,200,1,
https://ru.investing.com/equities/guangzhou-auto-options,200,1,
https://ru.investing.com/equities/pangda-automob-options,200,1,
https://ru.investing.com/equities/erzhong-ind-technical,404,0,
https://ru.investing.com/equities/erzhong-ind-options,200,1,
https://ru.investing.com/equities/camel-group-options,200,1,
https://ru.investing.com/equities/sjec-corporati-options,200,1,
https://ru.investing.com/equities/new-cn-insuran-options,200,1,
https://ru.investing.com/equities/bros-eastern-options,200,1,
https://ru.investing.com/equities/yechiu-metal-r-options,200,1,
https://ru.investing.com/equities/agri-bank-of-c-options,200,1,
https://ru.investing.com/equities/china-cnr-technical,404,0,
https://ru.investing.com/equities/china-cnr-options,200,1,
https://ru.investing.com/equities/cn-ping-an-options,200,1,
https://ru.investing.com/equities/guangshen-rail-ss-options,200,1,
https://ru.investing.com/equities/shaangu-power-options,200,1,
https://ru.investing.com/equities/industrial-sec-options,200,1,
https://ru.investing.com/equities/cn-railway-grp-options,200,1,
https://ru.investing.com/equities/icbc-ss-options,200,1,
https://ru.investing.com/equities/dongfeng-print-options,200,1,
https://ru.investing.com/equities/jlec-options,200,1,
https://ru.investing.com/equities/great-wisdom-options,200,1,
https://ru.investing.com/equities/soochow-securi-options,200,1,
https://ru.investing.com/equities/sinovel-wind-g-options,200,1,
https://ru.investing.com/equities/joeone-options,200,1,
https://ru.investing.com/equities/sanxing-electr-options,200,1,
https://ru.investing.com/equities/shanghai-pharm-options,200,1,
https://ru.investing.com/equities/citic-heavy-in-options,200,1,
https://ru.investing.com/equities/guangdian-elec-options,200,1,
https://ru.investing.com/equities/bj-north-star-options,200,1,
https://ru.investing.com/equities/aluminium-corp-options,200,1,
https://ru.investing.com/equities/china-pacific-options,200,1,
https://ru.investing.com/equities/metallurgical-options,200,1,
https://ru.investing.com/equities/great-wall-mot-options,200,1,
https://ru.investing.com/equities/kibing-group-options,200,1,
https://ru.investing.com/equities/tianan-coal-options,200,1,
https://ru.investing.com/equities/china-state-co-ss-options,200,1,
https://ru.investing.com/equities/cn-power-const-options,200,1,
https://ru.investing.com/equities/mingtai-al-ind-options,200,1,
https://ru.investing.com/equities/befar-group-options,200,1,
https://ru.investing.com/equities/huatai-securit-options,200,1,
https://ru.investing.com/equities/lu'an-env-ener-options,200,1,
https://ru.investing.com/equities/fengfan-power-options,200,1,
https://ru.investing.com/equities/zz-mining-mach-options,200,1,
https://ru.investing.com/equities/jihua-group-options,200,1,
https://ru.investing.com/equities/sh-electric-ss-options,200,1,
https://ru.investing.com/equities/csr-corp-options,200,1,
https://ru.investing.com/equities/lifan-industry-options,200,1,
https://ru.investing.com/equities/everbright-options,200,1,
https://ru.investing.com/equities/ningbo-constru-options,200,1,
https://ru.investing.com/equities/lanpec-tech-options,200,1,
https://ru.investing.com/equities/xingyu-lightin-options,200,1,
https://ru.investing.com/equities/cn-commu-cons-options,200,1,
https://ru.investing.com/equities/xinhua-media-options,200,1,
https://ru.investing.com/equities/china-oilfield-ss-options,200,1,
https://ru.investing.com/equities/everbright-ban-options,200,1,
https://ru.investing.com/equities/petrochina-ss-options,200,1,
https://ru.investing.com/equities/china-shipping-options,200,1,
https://ru.investing.com/equities/dalian-port-options,200,1,
https://ru.investing.com/equities/jangho-curtain-options,200,1,
https://ru.investing.com/equities/founder-securi-options,200,1,
https://ru.investing.com/equities/merchants-ship-options,200,1,
https://ru.investing.com/equities/chint-electric-options,200,1,
https://ru.investing.com/equities/cits-options,200,1,
https://ru.investing.com/equities/asian-star-options,200,1,
https://ru.investing.com/equities/cn-coal-energy-options,200,1,
https://ru.investing.com/equities/zijin-mining-options,200,1,
https://ru.investing.com/equities/jingyuntong-te-options,200,1,
https://ru.investing.com/equities/phoenix-publ-m-options,200,1,
https://ru.investing.com/equities/jishi-media-options,200,1,
https://ru.investing.com/equities/jinduicheng-options,200,1,
https://ru.investing.com/equities/cn-auto-engine-options,200,1,
https://ru.investing.com/equities/cn-shipbuildin-options,200,1,
https://ru.investing.com/equities/bbmg-corp-options,200,1,
https://ru.investing.com/equities/fenglin-wood-options,200,1,
https://ru.investing.com/equities/cn-citic-bank-options,200,1,
https://ru.investing.com/equities/xinji-energy-options,200,1,
https://ru.investing.com/equities/china-cosco-options,200,1,
https://ru.investing.com/equities/yonghui-stores-options,200,1,
https://ru.investing.com/equities/bank-of-china-ss-options,200,1,
https://ru.investing.com/equities/datang-power-options,200,1,
https://ru.investing.com/equities/northern-unite-options,200,1,
https://ru.investing.com/equities/people.cn-options,200,1,
